y_true,y_pred
0.3955555555555555,0.39830031158635393
0.5466666666666666,0.5456824582652189
0.4974619289340101,0.4998144642013358
0.350253807106599,0.349329723889241
0.5688888888888889,0.5677753949421458
0.5022222222222222,0.5027400133112678
0.56,0.5586577519134153
0.4467005076142132,0.4477201267291093
0.5244444444444445,0.523708043503575
0.48,0.47896995035989676
0.5555555555555556,0.5562037891795626
0.4844444444444444,0.4837353179755155
0.4517766497461929,0.4456290714588249
0.4888888888888889,0.49009568461042363
0.5288888888888889,0.5274392894934863
0.5911111111111111,0.5891742432286264
0.5736040609137056,0.5724409065733198
0.5777777777777777,0.5773355813289527
0.4923857868020304,0.4901455019135028
0.5076142131979695,0.5068135855981382
0.5244444444444445,0.5251271207380341
0.6044444444444445,0.6040364314540057
0.5155555555555555,0.5151614411879564
0.649746192893401,0.6506444031983847
0.5111111111111111,0.51299364521401
0.4060913705583756,0.4061239492439199
0.52,0.5194143162225373
0.6444444444444445,0.6457878454675665
0.4444444444444444,0.4449905484361807
0.6355555555555555,0.6315751431684475
0.2577777777777778,0.26067199499811977
0.5733333333333334,0.5716956538526574
0.5066666666666667,0.5063430437876377
0.5244444444444445,0.5247961230343208
0.6177777777777778,0.6176710412692046
0.3911111111111111,0.39118283746938687
0.5688888888888889,0.5680573907739017
0.4088888888888889,0.41133454331429675
0.5955555555555555,0.5936511066975072
0.3401015228426396,0.3404440540034557
0.5155555555555555,0.5165407015447272
0.4213197969543147,0.42086418843246065
0.4888888888888889,0.4903778669977328
0.2711111111111111,0.2724022478068946
0.4923857868020304,0.49282796190527733
0.2842639593908629,0.28680447381339036
0.2791878172588832,0.2808289750100812
0.3705583756345177,0.3703240972099593
0.56,0.5626070089201676
0.4111675126903553,0.4120844364078948
0.6088888888888889,0.607506776417722
0.4977777777777777,0.49905082349141594
0.6395939086294417,0.6421486846811604
0.48,0.47952771723794285
0.4517766497461929,0.45132426523196045
0.5555555555555556,0.5530054030532483
0.5955555555555555,0.5939682502648793
0.4771573604060913,0.47748088906519115
0.56,0.5607621930976165
0.4010152284263959,0.4003340490453411
0.5066666666666667,0.5070605789951514
0.416243654822335,0.41638937876268756
0.4213197969543147,0.4217004154488677
0.5177664974619289,0.5151071341970237
0.4444444444444444,0.44664287332852837
0.5111111111111111,0.5101232352026273
0.5911111111111111,0.5916248861321947
0.4517766497461929,0.44850923912599683
0.5422222222222223,0.5410788735316601
0.5288888888888889,0.5290041407279205
0.6266666666666667,0.6264020663656993
0.4444444444444444,0.4437359626754187
0.5466666666666666,0.5469456971477484
0.4933333333333333,0.4929453637741972
0.4844444444444444,0.48572946288913954
0.5989847715736041,0.5987038832099643
0.6040609137055838,0.602445114927832
0.5244444444444445,0.5238958781264955
0.5288888888888889,0.5281850503670285
0.5022222222222222,0.5019935111631639
0.4933333333333333,0.49405443893920165
0.4933333333333333,0.49243600183399394
0.4577777777777778,0.45855042585753836
0.4755555555555555,0.47596919161151163
0.52,0.5207393204036634
0.5583756345177665,0.5586997024365701
0.4933333333333333,0.4933039686875418
0.4755555555555555,0.47549040309968404
0.52,0.5199837004329311
0.5583756345177665,0.5573628926795209
0.44,0.442495791518013
0.4977777777777777,0.4999071898200782
0.4222222222222222,0.4240612928842893
0.4577777777777778,0.45930839427455794
0.5644444444444444,0.5616324244474526
0.5380710659898477,0.531783493119292
0.5177664974619289,0.516501575242728
0.3422222222222222,0.34259667311562225
0.4416243654822335,0.4429560710268561
0.5777777777777777,0.576298482978018
0.5377777777777778,0.5386992911662674
0.3705583756345177,0.3719869128690334
0.6533333333333333,0.6490107837307733
0.3422222222222222,0.3428449224156793
0.3401015228426396,0.33970861686975695
0.4133333333333333,0.4163845066796057
0.4533333333333333,0.45328045984206256
0.5777777777777777,0.576208086553379
0.5511111111111111,0.5519505222473526
0.4755555555555555,0.47502428258303553
0.56,0.5598809422808699
0.48,0.48038345025270246
0.4416243654822335,0.43991322274086997
0.5155555555555555,0.5156004985619802
0.5155555555555555,0.514689976873342
0.5111111111111111,0.5106150829669787
0.4577777777777778,0.45827283652033657
0.5555555555555556,0.554576886454015
0.6088888888888889,0.6068939129327191
0.3045685279187817,0.3055607759015402
0.3422222222222222,0.3406328218698036
0.4844444444444444,0.4850778776453808
0.5466666666666666,0.5489718939643353
0.5822222222222222,0.576662472463795
0.482233502538071,0.48292184351885226
0.3908629441624365,0.3903323323029326
0.5634517766497462,0.5619688068982214
0.3377777777777778,0.33916604286059737
0.5866666666666667,0.5863314000889659
0.5733333333333334,0.5714641894446686
0.5422222222222223,0.5421373503777431
0.36,0.3595388062094571
0.3244444444444444,0.32603148350608535
0.4467005076142132,0.4456833752192324
0.6577777777777778,0.656030109807034
0.52,0.5185606878221733
0.56,0.5587600074795773
0.5688888888888889,0.5686594009457622
0.5555555555555556,0.5536772033374291
0.5822222222222222,0.581677332505933
0.4619289340101523,0.46218913757184055
0.5333333333333333,0.5334442491293885
0.5733333333333334,0.5723616618925007
0.4933333333333333,0.49332642801164184
0.3866666666666666,0.3877863513334887
0.467005076142132,0.46744053026486654
0.4577777777777778,0.45818501933536027
0.5733333333333334,0.5733903528889641
0.4177777777777778,0.4185698855580995
0.4060913705583756,0.40826395140902605
0.4488888888888889,0.4504797825939022
0.2888888888888888,0.29093028548231814
0.5111111111111111,0.5106695485155797
0.6266666666666667,0.6241464223421644
0.4933333333333333,0.49377773438754957
0.4111675126903553,0.4122197621909436
0.4222222222222222,0.4226211568748113
0.5111111111111111,0.5103624955227133
0.5466666666666666,0.5451911291311262
0.5511111111111111,0.5507778836035868
0.4488888888888889,0.45021872232609894
0.6177777777777778,0.6169437532371376
0.5644444444444444,0.56431080737093
0.5644444444444444,0.5645962041307939
0.5777777777777777,0.5761631756613497
0.3155555555555555,0.3178510843135882
0.4622222222222222,0.4600286071363371
0.4933333333333333,0.49275279404537287
0.5022222222222222,0.5011328356486047
0.2933333333333333,0.2941711097082589
0.5066666666666667,0.507432349215378
0.5511111111111111,0.5510119296232006
0.3908629441624365,0.3924979970615823
0.4933333333333333,0.492993679974461
0.2081218274111675,0.20820863511471543
0.4467005076142132,0.4475032954796916
0.5431472081218274,0.5422939576092176
0.4568527918781725,0.4546063386515016
0.5911111111111111,0.5894202517811209
0.4314720812182741,0.432294778234791
0.4222222222222222,0.4232033723965287
0.4933333333333333,0.4939999398920918
0.6622222222222223,0.6609748337359633
0.5555555555555556,0.5537299135467038
0.4416243654822335,0.4403652484033955
0.5777777777777777,0.5778399887494743
0.4467005076142132,0.4427149375405861
0.5688888888888889,0.5667923081491608
0.4933333333333333,0.49459946183196735
0.4977777777777777,0.4977906323183561
0.4010152284263959,0.39991841596201994
0.4488888888888889,0.44839933126058895
0.6133333333333333,0.613700914036599
0.3756345177664975,0.3758009288139874
0.4577777777777778,0.45994394019362517
0.5244444444444445,0.5248995270958403
0.4416243654822335,0.44203813999774866
0.5466666666666666,0.54606016681646
0.5466666666666666,0.5456820247927681
0.4266666666666667,0.4288724090292817
0.5333333333333333,0.5335331705282442
0.48,0.4803222660557367
0.4844444444444444,0.4854184626165079
0.3350253807106599,0.3370269672595896
0.3604060913705584,0.3599047453753883
0.5466666666666666,0.5464525524439523
0.4619289340101523,0.4622876452776836
0.44,0.4410142473934684
0.4666666666666667,0.46819548423809465
0.4467005076142132,0.44324881631473545
0.48,0.4797960579599021
0.4311111111111111,0.4316150342201581
0.4533333333333333,0.45354836956539657
0.6311111111111111,0.6294357604347169
0.3756345177664975,0.37642926783883013
0.3777777777777777,0.3797142853436526
0.4416243654822335,0.4383044336864259
0.4977777777777777,0.49776762022520415
0.5866666666666667,0.5854868728783913
0.48,0.4799788234231528
0.3197969543147208,0.3185379106726032
0.4060913705583756,0.40601237630471587
0.5866666666666667,0.5855783336155582
0.3908629441624365,0.3899068380706012
0.5066666666666667,0.50509627435531
0.6577777777777778,0.6563078339386266
0.4533333333333333,0.4530567591282306
0.5466666666666666,0.5475157448090613
0.72,0.719363220865489
0.52,0.5213394445745507
0.5777777777777777,0.5771126594772795
0.3451776649746192,0.34865247063862626
0.3705583756345177,0.37196402679546736
0.4568527918781725,0.45677921450987924
0.4517766497461929,0.45288151485146955
0.4923857868020304,0.49299033006536774
0.5155555555555555,0.5142152294574771
0.52,0.519267857001978
0.3688888888888889,0.37571902862691786
0.56,0.5593095286603784
0.5066666666666667,0.5082067946495954
0.3147208121827411,0.3148820307396818
0.3555555555555555,0.35513103200355545
0.6533333333333333,0.6503217831341317
0.5111111111111111,0.5114594484330155
0.4177777777777778,0.418762375775259
0.4533333333333333,0.4530828261631541
0.6177777777777778,0.619914253911702
0.467005076142132,0.4653263306245208
0.6755555555555556,0.6734286436549155
0.5279187817258884,0.5262241479940712
0.5111111111111111,0.5104435338726034
0.5733333333333334,0.5716348264541011
0.5888324873096447,0.5886401604511775
0.6088888888888889,0.608606568101095
0.5377777777777778,0.5369454484607559
0.5555555555555556,0.5553476384666283
0.4416243654822335,0.44055196475528646
0.44,0.44173613845487125
0.4365482233502538,0.4359553323156433
0.4266666666666667,0.4275978027144447
0.5244444444444445,0.5239532380219316
0.5244444444444445,0.5238927961618174
0.5111111111111111,0.5094348868151428
0.4517766497461929,0.4526247395260725
0.4923857868020304,0.4905634421593277
0.5822222222222222,0.5818892813695129
0.5288888888888889,0.5292212110507535
0.5244444444444445,0.5230906153010437
0.5422222222222223,0.5403163923328975
0.64,0.6416324150632136
0.4755555555555555,0.47646442097902764
0.4771573604060913,0.4754101210855879
0.4517766497461929,0.4473027336935047
0.5866666666666667,0.584922660025768
0.5244444444444445,0.5244095978123369
0.4577777777777778,0.45869063792633824
0.4666666666666667,0.46801644073275384
0.5111111111111111,0.5107560827891575
0.4888888888888889,0.48915158907766454
0.5111111111111111,0.5116049368516542
0.3908629441624365,0.39235702008591034
0.4365482233502538,0.4358569447940681
0.6355555555555555,0.6334823740762658
0.5380710659898477,0.5393021277996013
0.4314720812182741,0.43291916558519006
0.4467005076142132,0.4474538274371298
0.5422222222222223,0.5431005692080362
0.7422222222222222,0.7391129137395183
0.5066666666666667,0.5055890863732202
0.583756345177665,0.5824686785636004
0.4933333333333333,0.49361256876727566
0.467005076142132,0.46661784562456887
0.5688888888888889,0.5670790028816555
0.4711111111111111,0.46967794984811917
0.3422222222222222,0.34403214082703926
0.52,0.518594673863845
0.52,0.5192259791656397
0.4213197969543147,0.4188291415775893
0.5377777777777778,0.5391649905213853
0.4311111111111111,0.4321498526551295
0.2844444444444444,0.28591449503437616
0.5228426395939086,0.5195446644938784
0.5155555555555555,0.5163067838002462
0.5733333333333334,0.5748511757556116
0.5422222222222223,0.5427327158831758
0.4933333333333333,0.4932608701783465
0.3908629441624365,0.39099692762829363
0.6088888888888889,0.6084589315287303
0.4933333333333333,0.4927574189787265
0.5511111111111111,0.5505309154832503
0.6311111111111111,0.6299564131622901
0.4977777777777777,0.49812789597490337
0.5482233502538071,0.5448885385994799
0.6488888888888888,0.6478353752172552
0.5555555555555556,0.5539835554227466
0.5111111111111111,0.5110465641773771
0.2639593908629442,0.26546827115816996
0.5111111111111111,0.511220078682527
0.2977777777777777,0.299321464219247
0.5733333333333334,0.5741966069617774
0.4619289340101523,0.46138869717833586
0.5644444444444444,0.5638490936544258
0.5939086294416244,0.5910261867247755
0.4873096446700508,0.48550297057954594
0.5422222222222223,0.5426083929487504
0.3288888888888889,0.32950352717307396
0.6444444444444445,0.6440862477902556
0.6177777777777778,0.6161423838202609
0.5111111111111111,0.5108347679924918
0.5511111111111111,0.5522751646785764
0.5244444444444445,0.5253975986270234
0.4133333333333333,0.41410060484486166
0.4888888888888889,0.48965109190612566
0.5736040609137056,0.5750890308700036
0.5431472081218274,0.5371200138615677
0.5177664974619289,0.5178039991296828
0.5377777777777778,0.5361289346619742
0.4111675126903553,0.41272123223461676
0.6133333333333333,0.6118953351106029
0.6266666666666667,0.6256741593533661
0.4467005076142132,0.44878801867889706
0.5377777777777778,0.540666992586921
0.5111111111111111,0.512400393752614
0.6044444444444445,0.603464783533127
0.5555555555555556,0.5540705005842028
0.4977777777777777,0.49887028997181915
0.52,0.5224836836132454
0.4577777777777778,0.45808904778095894
0.4711111111111111,0.4719347811478656
0.4755555555555555,0.4758789675688604
0.3553299492385787,0.3562423965195194
0.52,0.5194907731201965
0.4933333333333333,0.4927726832102053
0.4517766497461929,0.4520903608063236
0.5066666666666667,0.5071912416315172
0.4517766497461929,0.4524196119309636
0.4533333333333333,0.4536333437135909
0.7555555555555555,0.7514898000808898
0.3350253807106599,0.34027134206553455
0.365482233502538,0.3665870079421438
0.48,0.48027197338524275
0.48,0.47995230385276955
0.5955555555555555,0.5941475009749411
0.5777777777777777,0.5767760971939424
0.5333333333333333,0.5333035564108286
0.3555555555555555,0.35699834099796135
0.4619289340101523,0.4621537262428319
0.4619289340101523,0.4593534408049891
0.4844444444444444,0.48463581323449034
0.5777777777777777,0.5775393319490831
0.4467005076142132,0.4458624015096575
0.44,0.44014493310533
0.5022222222222222,0.5026045612466987
0.2182741116751269,0.22160076806903817
0.2284263959390862,0.23225446471769828
0.3644444444444444,0.36568427355086897
0.4977777777777777,0.4989339565508999
0.44,0.44182670481677633
0.5022222222222222,0.5026309831882827
0.5244444444444445,0.5243552884203382
0.4444444444444444,0.44519865186885
0.56,0.5590534338261932
0.5866666666666667,0.5846925985970302
0.5466666666666666,0.5470094696065644
0.3857868020304568,0.38860127530642785
0.3866666666666666,0.38884754956234246
0.4666666666666667,0.4675934657716425
0.5288888888888889,0.5282903537299717
0.4467005076142132,0.45058311014145147
0.4619289340101523,0.4667892275756458
0.4873096446700508,0.4871734369371552
0.3959390862944162,0.3972065404232126
0.4977777777777777,0.49786827903881203
0.5244444444444445,0.5256779119663406
0.2588832487309644,0.2600605851330329
0.5822222222222222,0.5815102980559459
0.5555555555555556,0.5549586110282689
0.248730964467005,0.25087178117246367
0.56,0.5604143742530141
0.4263959390862944,0.42639382468769327
0.4923857868020304,0.4894083337567281
0.3777777777777777,0.38008297761552967
0.482233502538071,0.4850669199076947
0.5431472081218274,0.5411017220030772
0.5228426395939086,0.5206524467794225
0.3688888888888889,0.372214799062931
0.467005076142132,0.46868505371094216
0.3377777777777778,0.3413007187045878
0.4923857868020304,0.4907436832145322
0.5155555555555555,0.5156047075724928
0.4088888888888889,0.40983739848888945
0.6044444444444445,0.6029839150287444
0.4844444444444444,0.4834049700584728
0.4517766497461929,0.45490163267822936
0.4974619289340101,0.4975738292268943
0.4974619289340101,0.4981309864524519
0.4533333333333333,0.45268871130247135
0.4,0.4019096823903965
0.4622222222222222,0.46232770977076143
0.3045685279187817,0.30618281618808396
0.5634517766497462,0.5600916514813434
0.5466666666666666,0.546564863761887
0.5733333333333334,0.5702027562074363
0.4755555555555555,0.4757135685940739
0.5777777777777777,0.5774788590933895
0.5111111111111111,0.5113766008580569
0.5733333333333334,0.5736253208306152
0.5888324873096447,0.587463783333078
0.4974619289340101,0.49611710125464015
0.5688888888888889,0.5684211413026787
0.248730964467005,0.25054343981901184
0.5555555555555556,0.5535242288024165
0.4666666666666667,0.46658179693622515
0.6044444444444445,0.6026029623753857
0.6622222222222223,0.6601470238820184
0.52,0.5206126790726557
0.6355555555555555,0.6344682905910304
0.4888888888888889,0.48762478060962167
0.4577777777777778,0.45917938015190884
0.5733333333333334,0.5722914092475548
0.4873096446700508,0.4878507574030664
0.2690355329949238,0.2705066619091667
0.5688888888888889,0.5670991761144251
0.6266666666666667,0.6249891608749749
0.4933333333333333,0.4931450962467352
0.4365482233502538,0.43679812909977045
0.5555555555555556,0.5534723243908957
0.3866666666666666,0.3888321699050721
0.4755555555555555,0.47582425075233914
0.5511111111111111,0.5506852664402686
0.5634517766497462,0.5599014006584184
0.5279187817258884,0.5270051627303474
0.416243654822335,0.415395182732027
0.48,0.48103745766275097
0.467005076142132,0.4652542900730623
0.5333333333333333,0.5341085595719051
0.44,0.4408643016649876
0.5126903553299492,0.5131351757736411
0.4720812182741117,0.47039708742522635
0.5155555555555555,0.5138562575593824
0.482233502538071,0.48313929355936125
0.2741116751269035,0.27444749415735714
0.5111111111111111,0.5116850985068595
0.5177664974619289,0.516231005822192
0.4517766497461929,0.45364012505160645
0.5482233502538071,0.5474327043484664
0.3096446700507614,0.312879249730031
0.2284263959390862,0.23211439963779412
0.5111111111111111,0.5113515053672018
0.4416243654822335,0.4412161240761634
0.5644444444444444,0.5607823245663894
0.5466666666666666,0.5460660033277236
0.4844444444444444,0.483919619655353
0.5685279187817259,0.5659266654547537
0.3688888888888889,0.3725341920653591
0.36,0.36047694431908894
0.4577777777777778,0.46097780144191347
0.3644444444444444,0.3668611891625915
0.5066666666666667,0.5069977316161385
0.5022222222222222,0.5016076795291156
0.4771573604060913,0.4785698268242413
0.44,0.4412325640732888
0.4416243654822335,0.44102760827809107
0.3604060913705584,0.36422080609190743
0.5688888888888889,0.5674183486698894
0.2690355329949238,0.26741225058503915
0.5066666666666667,0.5069394719321281
0.6222222222222222,0.6219520670274505
0.5288888888888889,0.5284783943498041
0.6088888888888889,0.6070488682307769
0.56,0.5605190607602708
0.5244444444444445,0.5249043384101242
0.5866666666666667,0.5858820065041073
0.4467005076142132,0.44607641112816054
0.5155555555555555,0.5152059785468737
0.365482233502538,0.3669918788073119
0.3511111111111111,0.352847141228267
0.4467005076142132,0.44496080014505424
0.5333333333333333,0.5322419371223077
0.3733333333333333,0.37452643187134527
0.5955555555555555,0.5927222950995201
0.4844444444444444,0.4852167446661042
0.5288888888888889,0.5295983455725946
0.5431472081218274,0.5422679832845461
0.5422222222222223,0.5421035732870223
0.5377777777777778,0.5379607719369233
0.5822222222222222,0.5802973920508521
0.4622222222222222,0.4612588757299818
0.5583756345177665,0.5566418633825378
0.156751269035533,0.15905576410295907
0.4923857868020304,0.4918573603790719
0.5155555555555555,0.5174132525280584
0.6222222222222222,0.620493728434667
0.4873096446700508,0.4864252003026195
0.3197969543147208,0.3198843924328685
0.6088888888888889,0.6080723472696263
0.6266666666666667,0.624332299688831
0.4755555555555555,0.47732197074219584
0.5177664974619289,0.5167249237420037
0.5866666666666667,0.5871088527201209
0.5126903553299492,0.5119470158679178
0.4416243654822335,0.43993219707044773
0.5244444444444445,0.5245919685694389
0.5111111111111111,0.5118037529318826
0.6548223350253807,0.6534781774535077
0.4711111111111111,0.4713680390268564
0.4619289340101523,0.4625344229862094
0.4977777777777777,0.4986296796996612
0.6266666666666667,0.6265411470085382
0.64,0.6373614752810681
0.4844444444444444,0.4856654364557471
0.5022222222222222,0.5034047281369567
0.4974619289340101,0.4961291810614057
0.5955555555555555,0.5943546019116184
0.5955555555555555,0.5926415038557025
0.6243654822335025,0.6233464561810251
0.416243654822335,0.41540665546199307
0.2131979695431472,0.21577055659145117
0.4844444444444444,0.4840485168242594
0.3022222222222222,0.30423517199233174
0.5555555555555556,0.5555245072464459
0.5066666666666667,0.5083378309354885
0.4888888888888889,0.4895297985058278
0.5244444444444445,0.5233030408853665
0.4213197969543147,0.4230917518289061
0.1725888324873096,0.17319233424495906
0.5911111111111111,0.5900288751727203
0.5644444444444444,0.5636864471453009
0.5482233502538071,0.5456078142306069
0.4977777777777777,0.49859661527443677
0.48,0.48078792907472234
0.2791878172588832,0.28003752845688723
0.4365482233502538,0.43713565840153024
0.4365482233502538,0.43736034553148784
0.3377777777777778,0.34228067856747657
0.4720812182741117,0.4714397196221398
0.3197969543147208,0.31858853410813026
0.4177777777777778,0.4173137688630959
0.5329949238578681,0.5300903054449009
0.3955555555555555,0.39693607595108915
0.5777777777777777,0.5782814316917211
0.4720812182741117,0.4730789275636198
0.482233502538071,0.4803314517484978
0.3422222222222222,0.3439937438815832
0.5555555555555556,0.5563660964253359
0.4977777777777777,0.49787185991590377
0.5333333333333333,0.5350780961744022
0.4263959390862944,0.42628900571435224
0.5911111111111111,0.5917487311671721
0.3066666666666666,0.3103615364525467
0.4888888888888889,0.4880475989484694
0.4771573604060913,0.4753582275734516
0.5279187817258884,0.5268417523475364
0.4711111111111111,0.47016368705953937
0.5555555555555556,0.5548274717730237
0.3555555555555555,0.35716371981834527
0.5511111111111111,0.5514706960821059
0.5126903553299492,0.512207310719532
0.4711111111111111,0.4723122772120405
0.5076142131979695,0.5066289755341131
0.6622222222222223,0.6608932868693955
0.48,0.47999927047931124
0.3377777777777778,0.34144955256488174
0.3911111111111111,0.39281302942254115
0.4365482233502538,0.43605021959228907
0.3299492385786802,0.33054996556893457
0.5333333333333333,0.5347064223024063
0.5377777777777778,0.5366617532708915
0.5911111111111111,0.5897156189603265
0.3422222222222222,0.34420144435716793
0.4266666666666667,0.42796289586112835
0.5866666666666667,0.5841490577004151
0.4666666666666667,0.4675785321451258
0.5111111111111111,0.510821233081515
0.5511111111111111,0.5501740814215736
0.3511111111111111,0.3528268715017475
0.5244444444444445,0.5240313667891314
0.3733333333333333,0.37410920139518566
0.5644444444444444,0.5640121714532143
0.5786802030456852,0.5747254952148069
0.3733333333333333,0.37423795413633343
0.6222222222222222,0.6207407665642677
0.4133333333333333,0.4148879031126853
0.3822222222222222,0.38401537787285633
0.56,0.5585793998034205
0.64,0.6387425485008862
0.3822222222222222,0.3829469332267763
0.4844444444444444,0.48521774073014967
0.5422222222222223,0.5413561511668377
0.5511111111111111,0.5494098804483656
0.56,0.5615432823688025
0.5244444444444445,0.523596040380653
0.5777777777777777,0.5781846853205934
0.5066666666666667,0.5080677488003857
0.4263959390862944,0.42533525120234117
0.5644444444444444,0.5659393137902953
0.4771573604060913,0.47589776350650936
0.4044444444444444,0.40671800340351183
0.52,0.5208031357615255
0.6040609137055838,0.6035284157260321
0.4517766497461929,0.4505471289594425
0.6091370558375635,0.6087090845539933
0.5076142131979695,0.5069746091176057
0.5822222222222222,0.5808060579438461
0.4619289340101523,0.4613091631617863
0.5333333333333333,0.533960996865062
0.5111111111111111,0.5119151836552192
0.5555555555555556,0.555212603736436
0.3866666666666666,0.38958225183887407
0.482233502538071,0.48319713467208203
0.5688888888888889,0.5674400654825149
0.6533333333333333,0.6545410449180054
0.467005076142132,0.4679533399757929
0.2893401015228426,0.2892516144638648
0.5532994923857868,0.5537103871465661
0.52,0.5212676132214256
0.6,0.5977289074216969
0.6266666666666667,0.6255828421999468
0.4888888888888889,0.48822910810122266
0.7377777777777778,0.7339642039878527
0.482233502538071,0.4852922848513117
0.3959390862944162,0.39909606346918736
0.56,0.5595482487260597
0.5244444444444445,0.5262625132454559
0.467005076142132,0.4652376520825783
0.5288888888888889,0.5287638655427145
0.5511111111111111,0.5514086905459408
0.3908629441624365,0.39182644491665997
0.4977777777777777,0.49907949080807157
0.2888888888888888,0.2913002238929039
0.4977777777777777,0.49766019781236537
0.5555555555555556,0.5560858672106406
0.4355555555555555,0.4365001375990687
0.4888888888888889,0.48923935799393803
0.4314720812182741,0.4298096831480507
0.4888888888888889,0.4876871735759778
0.6577777777777778,0.65457249157771
0.5244444444444445,0.5241539704293245
0.4977777777777777,0.4988643185206456
0.5555555555555556,0.557900654966943
0.6622222222222223,0.660196449724026
0.5911111111111111,0.5916468273208011
0.4177777777777778,0.4172988148056902
0.4933333333333333,0.4926247248513391
0.3857868020304568,0.3869212449644692
0.52,0.5203073785669403
0.56,0.5583531889860751
0.6222222222222222,0.6197837673680624
0.5228426395939086,0.5244870169117348
0.48,0.4797605558705982
0.5288888888888889,0.5272436140658101
0.4488888888888889,0.45051130712090526
0.482233502538071,0.4789557173498906
0.56,0.5596584017039277
0.5025380710659898,0.5050729414651869
0.5288888888888889,0.5276392978557851
0.4577777777777778,0.4589041757135419
0.5555555555555556,0.5544521140691359
0.6044444444444445,0.6046340005705133
0.5377777777777778,0.5390851345291594
0.5431472081218274,0.542335211270256
0.5822222222222222,0.5825529071589699
0.5333333333333333,0.5338440457999241
0.3756345177664975,0.3742033648304641
0.4088888888888889,0.41192328780016396
0.3756345177664975,0.3743635395949241
0.4365482233502538,0.43571493033959996
0.5955555555555555,0.5959411069343332
0.416243654822335,0.42007905193895567
0.44,0.4393500389123801
0.5688888888888889,0.5687330263317563
0.4844444444444444,0.4847867513017263
0.5126903553299492,0.5138531453849282
0.5155555555555555,0.5141658900829498
0.2944162436548223,0.29379318468272686
0.5644444444444444,0.5635716711258283
0.6666666666666666,0.6648956732387887
0.4577777777777778,0.4597455392940901
0.4314720812182741,0.4329652665328467
0.5511111111111111,0.5516900524380617
0.5431472081218274,0.5445672307250788
0.4771573604060913,0.4760242989723338
0.52,0.5223429469624534
0.5329949238578681,0.5331415427499451
0.4533333333333333,0.45576413489470724
0.4720812182741117,0.4696635356522165
0.3333333333333333,0.3340099517663475
0.5733333333333334,0.5734343320946209
0.5244444444444445,0.5250605704059126
0.4720812182741117,0.4720039852982154
0.5022222222222222,0.5028265090077184
0.5822222222222222,0.5812572097493103
0.5866666666666667,0.5856939956574934
0.5422222222222223,0.539777087746188
0.4266666666666667,0.428981754463166
0.5644444444444444,0.5651552624767646
0.6088888888888889,0.6059820348018548
0.4888888888888889,0.4880097717832541
0.3553299492385787,0.3579383264732314
0.156751269035533,0.15955005180148873
0.5288888888888889,0.5285707625444047
0.5422222222222223,0.5421248514467152
0.4711111111111111,0.4721652502194047
0.5076142131979695,0.508227720783907
0.5022222222222222,0.503201087252819
0.5177664974619289,0.5113711225858424
0.5377777777777778,0.5372059128276305
0.5377777777777778,0.539207952839206
0.4467005076142132,0.4465384948125575
0.3555555555555555,0.3565305084193824
0.4517766497461929,0.4519435848342255
0.4755555555555555,0.47857565915910527
0.6311111111111111,0.6285384364018682
0.5155555555555555,0.514506085019093
0.3908629441624365,0.39241688801848795
0.6177777777777778,0.6148855796491262
0.4977777777777777,0.4990445881267078
0.6446700507614214,0.6420792362914653
0.52,0.5183585554768797
0.4666666666666667,0.46647670632228255
0.4711111111111111,0.46986279863631353
0.4533333333333333,0.45457931312557776
0.4844444444444444,0.48434257942426484
0.5076142131979695,0.508115011107293
0.5583756345177665,0.5559332925622584
0.6444444444444445,0.6430320696963463
0.3866666666666666,0.3863245084648952
0.5866666666666667,0.5859760944877053
0.6,0.5985131734778406
0.4888888888888889,0.49003201015875675
0.4622222222222222,0.4622746697423281
0.5111111111111111,0.5115557852404891
0.56,0.5574565535789588
0.5329949238578681,0.5332184085418703
0.5022222222222222,0.50388127961196
0.5333333333333333,0.5340749221650185
0.5511111111111111,0.5519679781573359
0.5329949238578681,0.5344978497014381
0.5466666666666666,0.5445610406022752
0.6133333333333333,0.6138188137119869
0.482233502538071,0.4812895962386392
0.482233502538071,0.4789364546450088
0.32,0.32129148667445406
0.5555555555555556,0.5558849698863924
0.4755555555555555,0.47527912401710637
0.4311111111111111,0.4321948480210267
0.4111675126903553,0.41371071551111527
0.4933333333333333,0.49242413067258894
0.4977777777777777,0.49749648962460924
0.5288888888888889,0.5299041762482375
0.5066666666666667,0.5062466470262734
0.4355555555555555,0.4349090352479834
0.3377777777777778,0.3400380191160366
0.44,0.44102329782617744
0.5377777777777778,0.5386129174148664
0.5066666666666667,0.5084166502929293
0.5822222222222222,0.5804578290844802
0.4977777777777777,0.49869328000932
0.4044444444444444,0.4049400918156607
0.48,0.47970564615388867
0.6,0.5971373796928674
0.482233502538071,0.4815519476251211
0.5466666666666666,0.5461333826096961
0.5244444444444445,0.5236522385966964
0.5111111111111111,0.5126242391415872
0.4977777777777777,0.4970955090248026
0.5155555555555555,0.5153729015146382
0.5555555555555556,0.5538390187139157
0.3401015228426396,0.34015329723479226
0.5939086294416244,0.5907168016856303
0.5329949238578681,0.5305761759518646
0.4711111111111111,0.4727788940217579
0.5228426395939086,0.52016754730721
0.5155555555555555,0.5158216787385754
0.5911111111111111,0.5944783036102308
0.4355555555555555,0.4350380643591052
0.3644444444444444,0.36454054358182475
0.56,0.5582320956455078
0.4467005076142132,0.44794930290663615
0.4568527918781725,0.4549696989124641
0.5155555555555555,0.5185468173149275
0.5555555555555556,0.5554359373199986
0.6444444444444445,0.6425895433640108
0.44,0.44392113099456765
0.5955555555555555,0.5940634686558042
0.5822222222222222,0.5813606156443711
0.5911111111111111,0.590734381636139
0.5111111111111111,0.5118696422723588
0.5888324873096447,0.588726905421936
0.4977777777777777,0.49869373354886193
0.4365482233502538,0.43432039314939175
0.3756345177664975,0.37686179077718407
0.5822222222222222,0.5793462479196023
0.4923857868020304,0.4951910542731639
0.3959390862944162,0.3951428160944488
0.4711111111111111,0.4712495022104122
0.56,0.5589637049270095
0.3022222222222222,0.30433589886524715
0.6977777777777778,0.696768209541915
0.5888324873096447,0.5884063917037565
0.5126903553299492,0.5142098933720263
0.5511111111111111,0.5497687500756001
0.482233502538071,0.48046572078601457
0.4622222222222222,0.4634624586906284
0.5466666666666666,0.5466699376702309
0.4888888888888889,0.49022731941659003
0.2842639593908629,0.2854489590827143
0.5511111111111111,0.5534363482438494
0.4568527918781725,0.45622134317818563
0.4365482233502538,0.43587923151790164
0.3807106598984771,0.38280532509088516
0.5866666666666667,0.5850607837928692
0.5644444444444444,0.5656248122104444
0.5377777777777778,0.5379817412031116
0.4266666666666667,0.42674611893016845
0.4010152284263959,0.40066271960677113
0.5644444444444444,0.5643960651941597
0.52,0.5209858658490703
0.4933333333333333,0.49544921566848643
0.52,0.5201843467948493
0.56,0.5606314194737934
0.5555555555555556,0.5565065738628618
0.5888324873096447,0.5847678917925805
0.4977777777777777,0.49754742707591504
0.4923857868020304,0.4917306078859838
0.4111675126903553,0.4121202304813778
0.5555555555555556,0.5555746438185452
0.4720812182741117,0.4729230987140909
0.5155555555555555,0.5136051825829782
0.5422222222222223,0.5419561391754542
0.4314720812182741,0.4316481201094575
0.5422222222222223,0.5443467862642137
0.5288888888888889,0.5295808578521246
0.5466666666666666,0.5448003092897125
0.4974619289340101,0.4959610403457191
0.4577777777777778,0.4587012878037058
0.5377777777777778,0.5373840936663328
0.5333333333333333,0.532357105097617
0.6142131979695431,0.6122050044941716
0.4619289340101523,0.46124742868414614
0.4933333333333333,0.4937813209107844
0.4467005076142132,0.4455058124731295
0.52,0.5189712681312812
0.5111111111111111,0.5110170470434241
0.5644444444444444,0.5637413318327162
0.7244444444444444,0.7210483286326053
0.5288888888888889,0.5289435230661184
0.4416243654822335,0.44048583117546514
0.4355555555555555,0.43740468806936406
0.5377777777777778,0.5370443166029872
0.5244444444444445,0.5250786002870882
0.4755555555555555,0.4750770436221501
0.4977777777777777,0.49798016794375144
0.4568527918781725,0.45831172226462513
0.64,0.6390488565957639
0.4111675126903553,0.4132878692325903
0.3555555555555555,0.35654572179191746
0.4873096446700508,0.48706539360864554
0.4263959390862944,0.42616692108276766
0.6666666666666666,0.6638135115790647
0.4720812182741117,0.4700737302773632
0.5126903553299492,0.5138695653877221
0.56,0.5590555229573511
0.52,0.5183688637189334
0.3959390862944162,0.3959599001391325
0.4263959390862944,0.42654669187322725
0.5155555555555555,0.5142362845799653
0.6222222222222222,0.6200059729162604
0.4177777777777778,0.42093688233580906
0.5466666666666666,0.545680016206461
0.4044444444444444,0.40534610633039847
0.5688888888888889,0.5674392222135793
0.4568527918781725,0.45507018627540674
0.5466666666666666,0.5454135676118312
0.4622222222222222,0.46282028398127295
0.5422222222222223,0.5427709859359311
0.4416243654822335,0.44109693824429996
0.416243654822335,0.41995060339104384
0.4517766497461929,0.45199521876929794
0.4467005076142132,0.4454808491427684
0.4844444444444444,0.48485500522656366
0.5377777777777778,0.5373420242685825
0.5066666666666667,0.5066358943295199
0.5377777777777778,0.5363392762228614
0.5244444444444445,0.5241317510372028
0.6091370558375635,0.607773985262611
0.3705583756345177,0.37301253993064165
0.5126903553299492,0.5128789827576838
0.6598984771573604,0.65787353158521
0.4222222222222222,0.42153538775164634
0.4213197969543147,0.41823885751364287
0.5111111111111111,0.5091015514917672
0.5466666666666666,0.5480597527202917
0.4111675126903553,0.41255217233265284
0.5733333333333334,0.5726314124767669
0.5076142131979695,0.5089293841592735
0.5288888888888889,0.5285346199234482
0.3147208121827411,0.31825240899343044
0.3688888888888889,0.37135604742798023
0.5228426395939086,0.5216979648976121
0.4755555555555555,0.47442554323060904
0.4755555555555555,0.47667896198981907
0.5111111111111111,0.5108274402009556
0.3155555555555555,0.3164336881018244
0.4619289340101523,0.4621738960413495
0.4088888888888889,0.40903910747147165
0.5733333333333334,0.5720107186352834
0.3959390862944162,0.39605055017455015
0.3553299492385787,0.35650872233964037
0.5688888888888889,0.5682318861508975
0.6044444444444445,0.6029834763612598
0.5466666666666666,0.5470408314431552
0.6133333333333333,0.6124910256330622
0.4488888888888889,0.449807078417507
0.6,0.5983085904299514
0.5911111111111111,0.5915443602279993
0.3866666666666666,0.38559669558890164
0.5532994923857868,0.5516836669266922
0.5022222222222222,0.5031234445341397
0.4577777777777778,0.458944859507028
0.5111111111111111,0.511164821946295
0.4213197969543147,0.4212074707902502
0.5288888888888889,0.5272525632171892
0.5155555555555555,0.5148044643574394
0.5022222222222222,0.503423995731282
0.4467005076142132,0.44558011161279865
0.5431472081218274,0.5414617783244466
0.5111111111111111,0.5107696085469797
0.4622222222222222,0.46364199071831536
0.4977777777777777,0.4975162790506147
0.5955555555555555,0.5947453487460734
0.6755555555555556,0.6725079306925181
0.3777777777777777,0.379377490884508
0.4873096446700508,0.4851838404138107
0.28,0.28222983433806803
0.5955555555555555,0.594298367475858
0.5377777777777778,0.5389180588535964
0.5777777777777777,0.5757386010081973
0.5288888888888889,0.5277582387934672
0.5066666666666667,0.5064708785066614
0.5025380710659898,0.5016452073177788
0.5333333333333333,0.5325885679048952
0.4266666666666667,0.42836064005678054
0.4133333333333333,0.4134398066671565
0.5244444444444445,0.5226304656243883
0.416243654822335,0.4165211833023932
0.467005076142132,0.4688840252638329
0.5177664974619289,0.5162492511444725
0.3908629441624365,0.393363991388469
0.3959390862944162,0.3967759648512583
0.4088888888888889,0.410639188150526
0.3955555555555555,0.3971826638444327
0.4365482233502538,0.4347451847716002
0.4222222222222222,0.4240355737856589
0.4933333333333333,0.4921367226925213
0.5111111111111111,0.5111049461411312
0.5555555555555556,0.5555194155167555
0.5422222222222223,0.5400474799535004
0.4619289340101523,0.46027493417204823
0.4888888888888889,0.49050135305151343
0.5155555555555555,0.5151389919192297
0.48,0.4778734209103277
0.5644444444444444,0.5624195642594714
0.5511111111111111,0.5507832991715986
0.4755555555555555,0.47697736854024697
0.6,0.5997770755493548
0.4755555555555555,0.47653389527113177
0.299492385786802,0.3014239653130062
0.4517766497461929,0.4496309012902202
0.4577777777777778,0.4569713046803372
0.482233502538071,0.47838927211705595
0.5482233502538071,0.5453153682465199
0.4619289340101523,0.4617354351648828
0.4533333333333333,0.45421803920180537
0.5733333333333334,0.5730892727005994
0.7111111111111111,0.7077082410687581
0.5431472081218274,0.5423033819242846
0.6622222222222223,0.6601859807560686
0.4711111111111111,0.471188683033688
0.5279187817258884,0.5264840801391983
0.4977777777777777,0.49843122536549345
0.4044444444444444,0.4063021440524608
0.4619289340101523,0.44267766519624274
0.6488888888888888,0.6458562236803118
0.4755555555555555,0.47569348363322206
0.3511111111111111,0.35007950542785693
0.5888324873096447,0.5866113365045749
0.4222222222222222,0.42342051016748883
0.5377777777777778,0.537760155973956
0.6266666666666667,0.624479952006368
0.5733333333333334,0.5727116838970687
0.5511111111111111,0.5510129534814041
0.5288888888888889,0.5300020696595311
0.4933333333333333,0.4948666709678946
0.5644444444444444,0.5650302647263743
0.56,0.5595391491224291
0.4222222222222222,0.4236304842343088
0.4923857868020304,0.4910555278038373
0.4311111111111111,0.43276306669577025
0.5777777777777777,0.5756512020307127
0.3553299492385787,0.3559607929055346
0.4622222222222222,0.4625607883644989
0.5777777777777777,0.5769976415904239
0.5466666666666666,0.5460401384334546
0.3644444444444444,0.3672701648029033
0.3807106598984771,0.38024330156622455
0.3422222222222222,0.343331794734695
0.4622222222222222,0.46454129596531857
0.4577777777777778,0.45771204082120676
0.5377777777777778,0.5376688756514341
0.482233502538071,0.48169338511070237
0.4622222222222222,0.46324870217358693
0.4622222222222222,0.46113433394930325
0.6903553299492385,0.68744601184153
0.6755555555555556,0.6739980610582279
0.5822222222222222,0.5821193529700395
0.4933333333333333,0.4940786277438747
0.4711111111111111,0.4712369859335013
0.4355555555555555,0.4340476070647128
0.5126903553299492,0.5115131372003816
0.4111675126903553,0.41417141919373535
0.36,0.3611033632332692
0.4977777777777777,0.49773539970919956
0.5111111111111111,0.510306032578228
0.6444444444444445,0.6410344646283193
0.5555555555555556,0.5549064877850469
0.4311111111111111,0.4307116647687508
0.5066666666666667,0.5078892128076404
0.4666666666666667,0.4665158354182495
0.6844444444444444,0.6801927149645053
0.4365482233502538,0.43585023694322444
0.3197969543147208,0.3241195617010817
0.4844444444444444,0.48562029546883423
0.4355555555555555,0.43680105528619606
0.4416243654822335,0.44198643570416607
0.52,0.5203758696006844
0.5511111111111111,0.5500919798796531
0.5022222222222222,0.5039197543519549
0.5955555555555555,0.5948802005732432
0.4010152284263959,0.4022560365847312
0.5583756345177665,0.5565637439140119
0.5777777777777777,0.5762603080947883
0.5422222222222223,0.5433194878423819
0.3756345177664975,0.3771547333308263
0.4666666666666667,0.467056808018242
0.5822222222222222,0.5801757164736046
0.4977777777777777,0.4989022616355214
0.5333333333333333,0.5323770249378867
0.299492385786802,0.30101739324163646
0.5288888888888889,0.5281596013228409
0.4977777777777777,0.49660706460417714
0.4622222222222222,0.4611264698469313
0.5555555555555556,0.5555220453970833
0.2944162436548223,0.29612769358209334
0.3197969543147208,0.32379418399068527
0.56,0.5588648183911573
0.4177777777777778,0.41748874164477456
0.5288888888888889,0.5303006910107797
0.4444444444444444,0.443876166609698
0.5377777777777778,0.5367024565784959
0.4888888888888889,0.4896947921079118
0.5955555555555555,0.5927828411513474
0.5022222222222222,0.5005485241126735
0.5155555555555555,0.5160851356922649
0.5377777777777778,0.5367541402665665
0.3777777777777777,0.37817749606620055
0.5177664974619289,0.516198174940655
0.44,0.44017895254364703
0.482233502538071,0.4822017217084067
0.5244444444444445,0.5240572014736244
0.2588832487309644,0.26089363312348723
0.3688888888888889,0.37011597699893173
0.4044444444444444,0.40523059775296133
0.5333333333333333,0.5332727631030139
0.5422222222222223,0.5413989925727947
0.2791878172588832,0.28350514329213183
0.6444444444444445,0.6420832917356165
0.3777777777777777,0.3783958589483518
0.28,0.2806090074154781
0.4933333333333333,0.4930442010227125
0.5777777777777777,0.5769498763402225
0.7244444444444444,0.7220013039914193
0.52,0.5188614108774345
0.3511111111111111,0.3521796794520924
0.5644444444444444,0.5621293167641852
0.5022222222222222,0.5034972775465576
0.5555555555555556,0.5550101963017369
0.6,0.5995194181450643
0.4977777777777777,0.49789023865014315
0.5644444444444444,0.5628910414816346
0.36,0.36308603928773664
0.6622222222222223,0.6590038776921574
0.4977777777777777,0.4982445238856599
0.5066666666666667,0.5063424771215068
0.4844444444444444,0.4862496469722828
0.6243654822335025,0.6214436101436149
0.4467005076142132,0.44709083692578133
0.5377777777777778,0.5385167971835472
0.3644444444444444,0.3675686362985289
0.5532994923857868,0.55230030369421
0.3756345177664975,0.37686941618449055
0.3733333333333333,0.3743467697495362
0.7155555555555555,0.7122654681152198
0.6266666666666667,0.6241305649891729
0.4177777777777778,0.4165548700693762
0.5333333333333333,0.5334448929643258
0.5111111111111111,0.5116670227289433
0.3197969543147208,0.3229348795139231
0.4888888888888889,0.4889318703353638
0.5822222222222222,0.5800637234642636
0.4517766497461929,0.4526082116353791
0.6622222222222223,0.6629418131051352
0.4923857868020304,0.4924748365301639
0.6133333333333333,0.615421849041013
0.5155555555555555,0.5153646080434555
0.5333333333333333,0.5329326704813866
0.5555555555555556,0.5551426997844828
0.5511111111111111,0.5512269621976884
0.3955555555555555,0.3971493292483501
0.5555555555555556,0.5555958387121791
0.4222222222222222,0.420706495307968
0.4355555555555555,0.4360843422327889
0.4755555555555555,0.47802253797999583
0.4666666666666667,0.46800120708940085
0.6088888888888889,0.6097678483201889
0.482233502538071,0.480402095723548
0.4873096446700508,0.48936033544305246
0.4314720812182741,0.4314063651836477
0.4488888888888889,0.45002496750385035
0.5333333333333333,0.5327114729880122
0.52,0.519863981709932
0.4977777777777777,0.4974162715661805
0.5177664974619289,0.5169023429916706
0.6091370558375635,0.6069317478686571
0.5076142131979695,0.5084568371239584
0.3822222222222222,0.38337036191660445
0.4666666666666667,0.46787023948854767
0.4720812182741117,0.4779761628160486
0.4314720812182741,0.42962764416006394
0.4444444444444444,0.4467397780972533
0.56,0.561288192649954
0.3604060913705584,0.3608743938530097
0.6444444444444445,0.6432382503408007
0.2577777777777778,0.26171902084024623
0.5511111111111111,0.55140570482763
0.5511111111111111,0.5489869477023603
0.5555555555555556,0.5546324216993526
0.3688888888888889,0.3691523835732369
0.5155555555555555,0.5140400396194309
0.5333333333333333,0.534024471315206
0.5777777777777777,0.5776818783633644
0.3705583756345177,0.3726688792958157
0.5244444444444445,0.5266057197295595
0.2977777777777777,0.2996745264681522
0.5822222222222222,0.5822130236920202
0.4933333333333333,0.49378129094839096
0.6222222222222222,0.6233412694127765
0.7022222222222222,0.6991036623512628
0.5911111111111111,0.5928824429865927
0.6177777777777778,0.6198635854671011
0.5822222222222222,0.5810193629004061
0.4314720812182741,0.4327872115682112
0.5066666666666667,0.5078614954545628
0.4568527918781725,0.4555179338931339
0.5466666666666666,0.5461447517445777
0.4060913705583756,0.4053527023497736
0.3822222222222222,0.38427976705133915
0.4177777777777778,0.41943920124322176
0.4844444444444444,0.4850401233707089
0.64,0.6406752430339111
0.5066666666666667,0.5041534126794431
0.4311111111111111,0.4311992377479328
0.5333333333333333,0.5333924785954878
0.4974619289340101,0.4966920060542179
0.3644444444444444,0.3656517433846602
0.5422222222222223,0.5421481523808325
0.4365482233502538,0.43419348864699714
0.6666666666666666,0.666991864607553
0.4933333333333333,0.492414361651754
0.4711111111111111,0.47140436150948517
0.52,0.5187123772921041
0.5155555555555555,0.5151883297075983
0.4923857868020304,0.48986915839486755
0.52,0.5210020511731273
0.4977777777777777,0.4978670814889483
0.5422222222222223,0.5417946253000991
0.5155555555555555,0.5134741411893629
0.4933333333333333,0.4927748528862139
0.3511111111111111,0.35230053060513455
0.3197969543147208,0.3205596858897479
0.4888888888888889,0.48791820350743365
0.4444444444444444,0.4459727065113839
0.4974619289340101,0.4965574459201889
0.4355555555555555,0.43812467936368193
0.4844444444444444,0.48615062891622074
0.4467005076142132,0.445208921271842
0.5155555555555555,0.5148438245814759
0.5155555555555555,0.5150376537640113
0.4467005076142132,0.44259890585090034
0.4365482233502538,0.44055893768381793
0.5377777777777778,0.538194314984139
0.6311111111111111,0.6296013715182198
0.4933333333333333,0.494316403157427
0.4977777777777777,0.49607697094324976
0.5733333333333334,0.5727511026489083
0.5644444444444444,0.5615240063489182
0.4977777777777777,0.49714217087603174
0.482233502538071,0.4825009698542999
0.5380710659898477,0.5367950059007853
0.36,0.361840156125254
0.5644444444444444,0.5632094019820215
0.5733333333333334,0.5716133393580094
0.56,0.5591688747372245
0.5155555555555555,0.5142550723394379
0.5288888888888889,0.5252248136530397
0.4355555555555555,0.43724296080472413
0.3733333333333333,0.3748419567273231
0.5244444444444445,0.5258754339592997
0.4577777777777778,0.4578147684514988
0.5422222222222223,0.5416402165574254
0.48,0.48097099806182086
0.5466666666666666,0.544281144902925
0.5466666666666666,0.5513737063592998
0.4577777777777778,0.45912477918318473
0.3155555555555555,0.3190304958843626
0.4888888888888889,0.48870683029235806
0.6177777777777778,0.6171750722132856
0.5466666666666666,0.5456826341542182
0.5155555555555555,0.5151966919656843
0.4467005076142132,0.4462626155727776
0.4720812182741117,0.46863125666277483
0.6088888888888889,0.5950512108393013
0.4568527918781725,0.4577062808384653
0.5111111111111111,0.5099923485249747
0.5126903553299492,0.5100227302318672
0.5644444444444444,0.564561059611151
0.5333333333333333,0.5316152046289062
0.4622222222222222,0.46340616849192884
0.4488888888888889,0.4493392510485137
0.64,0.6386424496013205
0.5532994923857868,0.5535844949627062
0.3908629441624365,0.39157154780696146
0.3705583756345177,0.3747039847803535
0.3857868020304568,0.3871469153673388
0.4666666666666667,0.4653000873659039
0.5380710659898477,0.5373468259494985
0.4568527918781725,0.4592170193500351
0.5555555555555556,0.5548152480187127
0.4517766497461929,0.4520000066841021
0.4222222222222222,0.42434670505463146
0.3644444444444444,0.3656462855578866
0.5532994923857868,0.5469422931346344
0.48,0.4813570466649253
0.5733333333333334,0.5744666652753949
0.2741116751269035,0.27764245377329644
0.5422222222222223,0.5415446717961458
0.4488888888888889,0.44989828346297145
0.5583756345177665,0.5581442419352243
0.4711111111111111,0.4730597986053908
0.5511111111111111,0.5506683074636385
0.5422222222222223,0.5415156616800232
0.5244444444444445,0.5252167614962673
0.4974619289340101,0.49474996942444704
0.5822222222222222,0.5818833631783491
0.3866666666666666,0.3876117401086958
0.4666666666666667,0.466131560591748
0.3422222222222222,0.34183522072271444
0.52,0.5206259398692055
0.5644444444444444,0.5635017675522249
0.5685279187817259,0.5662912458210485
0.4619289340101523,0.4643528929009335
0.5422222222222223,0.5397117127722595
0.4755555555555555,0.4756315242993878
0.4619289340101523,0.46134705061558634
0.5555555555555556,0.5550962943525519
0.5111111111111111,0.5110125963983592
0.6133333333333333,0.6150188761821482
0.48,0.4803955463867169
0.4355555555555555,0.43772363672906067
0.5177664974619289,0.5168748755386332
0.2893401015228426,0.2910646893433295
0.5111111111111111,0.511293469418888
0.3857868020304568,0.3865366721729515
0.3822222222222222,0.38354365968552884
0.6177777777777778,0.6178418514318764
0.6355555555555555,0.6358359595469665
0.5466666666666666,0.547117599970079
0.5333333333333333,0.5330643174238503
0.4533333333333333,0.451937668476603
0.4010152284263959,0.3992258662619861
0.3244444444444444,0.3257708432211075
0.6751269035532995,0.6700089548830874
0.5380710659898477,0.5367683488293551
0.5466666666666666,0.5466921460465528
0.4771573604060913,0.476731874368852
0.3197969543147208,0.31938028111471795
0.5066666666666667,0.5068130026193103
0.48,0.48042597563471645
0.5511111111111111,0.5503067310492042
0.6355555555555555,0.6335411221079994
0.5244444444444445,0.5250251747056609
0.3466666666666667,0.3501520363934105
0.5066666666666667,0.5069723722408526
0.5111111111111111,0.5067247158585815
0.4088888888888889,0.41063071362441406
0.2690355329949238,0.2698422281391686
0.6088888888888889,0.606826362767606
0.4488888888888889,0.4511577091034269
0.4873096446700508,0.4847988107940182
0.416243654822335,0.41621211846359074
0.5688888888888889,0.5690153364121215
0.56,0.5602217398554785
0.3733333333333333,0.37585901586862747
0.5244444444444445,0.5230952852580231
0.5466666666666666,0.5454800862353295
0.6177777777777778,0.6155943559715524
0.3155555555555555,0.315883210481843
0.5022222222222222,0.5019006383663509
0.48,0.4780095241003437
0.4263959390862944,0.4240024960017763
0.4933333333333333,0.49585633460083045
0.5025380710659898,0.5023308612580877
0.5076142131979695,0.5058212808071403
0.3955555555555555,0.3963198861165438
0.4622222222222222,0.46222867240430787
0.3644444444444444,0.36486862000310794
0.4844444444444444,0.48422434837266337
0.6311111111111111,0.6285011937725358
0.5777777777777777,0.5757836107950425
0.3955555555555555,0.3955989334208425
0.4755555555555555,0.47653796355007216
0.5377777777777778,0.5356854810088407
0.4060913705583756,0.40658939513377845
0.5511111111111111,0.5487421957514016
0.4263959390862944,0.4254390506830532
0.4755555555555555,0.47567082857131027
0.5644444444444444,0.5675812029658118
0.5786802030456852,0.5799863912689034
0.5866666666666667,0.5853559601237066
0.4933333333333333,0.4938808188890107
0.3688888888888889,0.3715558307012543
0.5688888888888889,0.5687319745629793
0.2436548223350254,0.24551262467866763
0.5288888888888889,0.5287339008937124
0.5076142131979695,0.5083467722579371
0.6488888888888888,0.6456551129958825
0.5555555555555556,0.5556161642016377
0.4711111111111111,0.4749885846977122
0.3155555555555555,0.3157624667946948
0.5111111111111111,0.5114534370077308
0.5866666666666667,0.5855617149063619
0.5288888888888889,0.5278370667510899
0.5466666666666666,0.5471941216674168
0.5244444444444445,0.5243777254800079
0.5555555555555556,0.5546116619516397
0.5644444444444444,0.5652281580260023
0.6,0.5989518069109181
0.3911111111111111,0.393487810229999
0.4619289340101523,0.461342775990488
0.5866666666666667,0.585127601356362
0.5555555555555556,0.5547661043674452
0.5866666666666667,0.5845685966778547
0.3644444444444444,0.362288710573921
0.5111111111111111,0.5118302228511311
0.3466666666666667,0.35203500391799025
0.36,0.3594214123149868
0.4933333333333333,0.4932159089803463
0.5644444444444444,0.5631284446135396
0.4844444444444444,0.48455633322009817
0.5555555555555556,0.5533416333928471
0.4263959390862944,0.4259010572277475
0.4755555555555555,0.4760953987133689
0.4755555555555555,0.475449878256768
0.4314720812182741,0.43353228572232183
0.5733333333333334,0.5733476815948961
0.4755555555555555,0.4769200584414648
0.4467005076142132,0.451161313263583
0.5333333333333333,0.5320339940517442
0.5155555555555555,0.5149921844422352
0.5555555555555556,0.5538379578938475
0.4720812182741117,0.47754190767591354
0.5866666666666667,0.5859496813936858
0.5466666666666666,0.5469653841428226
0.3147208121827411,0.31990372254222166
0.416243654822335,0.41807285029790364
0.5228426395939086,0.521262224559905
0.4755555555555555,0.4750745175406337
0.5111111111111111,0.5117693876818521
0.5733333333333334,0.5703705632186029
0.6311111111111111,0.6306705244787736
0.5822222222222222,0.5814881591359153
0.3604060913705584,0.36071483478008304
0.5111111111111111,0.5114244569995208
0.5228426395939086,0.5206962368247332
0.5025380710659898,0.5027332903118804
0.4311111111111111,0.4335423774027731
0.5955555555555555,0.5946785447449656
0.4517766497461929,0.4467365618911572
0.3866666666666666,0.3871633031812962
0.4416243654822335,0.44202699928428046
0.4533333333333333,0.4545774660364259
0.5333333333333333,0.5328878974687541
0.4533333333333333,0.45238698823959567
0.4416243654822335,0.4428288858907763
0.5511111111111111,0.5488619241950801
0.5279187817258884,0.5298360103188315
0.4977777777777777,0.4973853093688376
0.5532994923857868,0.5737816303881118
0.5482233502538071,0.544911885241163
0.6177777777777778,0.6169344746158458
0.4622222222222222,0.4638332762988284
0.4365482233502538,0.4356026032328373
0.4977777777777777,0.49834215763257816
0.2385786802030456,0.24097824562340975
0.5555555555555556,0.5532200676098
0.4010152284263959,0.40633306636300404
0.5377777777777778,0.5367892717767972
0.3096446700507614,0.3117323899641633
0.2588832487309644,0.26215763900836464
0.4755555555555555,0.47512845759047195
0.52,0.5203017322492087
0.5066666666666667,0.5058211826399202
0.2888888888888888,0.29098657210124657
0.4444444444444444,0.4455422365863342
0.5688888888888889,0.5694037932989886
0.5955555555555555,0.5952207289374201
0.4977777777777777,0.5010633673227858
0.4666666666666667,0.46702195901889354
0.4873096446700508,0.4867058485542657
0.4133333333333333,0.41443669113505166
0.3959390862944162,0.39616335374012124
0.5431472081218274,0.5416009859618498
0.6488888888888888,0.6481322156760143
0.4577777777777778,0.4588746047957102
0.5733333333333334,0.5729595262819203
0.4974619289340101,0.49798216529597994
0.4711111111111111,0.4708267259411514
0.4533333333333333,0.4566613019851502
0.3857868020304568,0.38623916859796736
0.3705583756345177,0.3688695344753796
0.5066666666666667,0.5068833429832011
0.5155555555555555,0.5157740913273301
0.5076142131979695,0.50347359215084
0.6266666666666667,0.6255195573176024
0.4888888888888889,0.4891225795727223
0.4755555555555555,0.4779397338570561
0.4923857868020304,0.4923584010684863
0.48,0.47984746313886717
0.5777777777777777,0.5779709386260947
0.6133333333333333,0.6111722263303818
0.6,0.6008721744292416
0.2639593908629442,0.2643359991488978
0.2639593908629442,0.2655816699261777
0.5288888888888889,0.5291983282368165
0.4977777777777777,0.49804127524839714
0.3155555555555555,0.31494086259044707
0.4517766497461929,0.4523808717785869
0.4416243654822335,0.44137390577816404
0.5644444444444444,0.5638370971864788
0.5911111111111111,0.5901846017804928
0.2791878172588832,0.282585369728622
0.5066666666666667,0.5096425128722331
0.5022222222222222,0.5028905700164614
0.4619289340101523,0.4657776729436591
0.48,0.48034016891324427
0.5466666666666666,0.5486324971279828
0.5511111111111111,0.5510535757930484
0.4133333333333333,0.413601280975854
0.4533333333333333,0.4571035327098798
0.4974619289340101,0.49752937474113423
0.5888324873096447,0.5875474484928418
0.5155555555555555,0.5164023161050864
0.4365482233502538,0.43681256123818457
0.4266666666666667,0.4276583476748783
0.4533333333333333,0.45450802527193446
0.52,0.5203101765800966
0.5777777777777777,0.5768910466431407
0.5511111111111111,0.54963158260216
0.5279187817258884,0.5243431733397301
0.5466666666666666,0.5447694628383033
0.5377777777777778,0.536915995675372
0.4619289340101523,0.4628707498777658
0.3111111111111111,0.3139216625277186
0.6311111111111111,0.6282479125948157
0.4977777777777777,0.49914365376753267
0.5244444444444445,0.5241378606879152
0.3045685279187817,0.3059258615830913
0.5228426395939086,0.5208249515853822
0.4467005076142132,0.44688803257304244
0.6142131979695431,0.61512129624316
0.6444444444444445,0.6435193928191438
0.5155555555555555,0.5149672517291037
0.4444444444444444,0.4449850769160548
0.5466666666666666,0.546971703734016
0.6355555555555555,0.6368843577220105
0.5177664974619289,0.5129069013055414
0.5555555555555556,0.5536642738879891
0.5022222222222222,0.502458411428961
0.5644444444444444,0.5631266165146371
0.5911111111111111,0.5897844380669994
0.5333333333333333,0.532259285391774
0.5244444444444445,0.5231534088525223
0.4311111111111111,0.43731962773017585
0.5244444444444445,0.5254308001312893
0.3022222222222222,0.3047154743981082
0.5377777777777778,0.5371626207634108
0.5688888888888889,0.5689559830061626
0.5111111111111111,0.5120539253694005
0.5155555555555555,0.514906089156284
0.4355555555555555,0.43638920785451774
0.3066666666666666,0.30933924531564116
0.350253807106599,0.351860273280181
0.5466666666666666,0.5460808813659241
0.6044444444444445,0.6029867868346628
0.5288888888888889,0.5281640042958315
0.5288888888888889,0.5287648327357601
0.6933333333333334,0.6914738070918247
0.2538071065989847,0.2563682531763334
0.5177664974619289,0.515620337188011
0.5022222222222222,0.5058281401143176
0.5866666666666667,0.5838923060509842
0.4444444444444444,0.44433436714462005
0.48,0.4798978288017679
0.2944162436548223,0.294719922268996
0.467005076142132,0.4628493639174849
0.5644444444444444,0.5637069074291503
0.5111111111111111,0.512083275752957
0.4517766497461929,0.4512883051211247
0.5377777777777778,0.5383475368435029
0.3555555555555555,0.35789092496270314
0.4577777777777778,0.45782061089994386
0.5888324873096447,0.586536751507083
0.52,0.5206869808171177
0.350253807106599,0.35120831058884505
0.5288888888888889,0.5283509864239022
0.6133333333333333,0.612460296440986
0.5377777777777778,0.5357015437039081
0.3705583756345177,0.3716807963210158
0.4577777777777778,0.4581792000099085
0.5777777777777777,0.5748566519614542
0.3604060913705584,0.3623398287309101
0.3553299492385787,0.35648766085796524
0.4311111111111111,0.43105000851210207
0.4977777777777777,0.4980071576719638
0.4060913705583756,0.4109991050208919
0.5022222222222222,0.5037660931120627
0.4771573604060913,0.4780687237944221
0.3777777777777777,0.3777033075748477
0.4177777777777778,0.4185253756149905
0.4416243654822335,0.44182371519855224
0.6177777777777778,0.6173719697835622
0.4060913705583756,0.4059220264753094
0.3466666666666667,0.34976592210296076
0.5288888888888889,0.5297247542912373
0.5377777777777778,0.5400341555796331
0.4177777777777778,0.41728417374542914
0.4977777777777777,0.4980475793563528
0.4755555555555555,0.4764273975160904
0.4365482233502538,0.4372707028669538
0.3244444444444444,0.3254328248440288
0.5555555555555556,0.5564911182154901
0.6355555555555555,0.6333692353655351
0.4844444444444444,0.48566792615747545
0.5644444444444444,0.5633509479812346
0.5822222222222222,0.5818128394312225
0.5076142131979695,0.5063761744240765
0.5431472081218274,0.542741352081066
0.5955555555555555,0.5941156802728074
0.5688888888888889,0.569136100821197
0.2842639593908629,0.2794400955172023
0.4060913705583756,0.39996736124157906
0.5911111111111111,0.588075071471394
0.4044444444444444,0.4067571440828033
0.6311111111111111,0.6296871688100509
0.5279187817258884,0.530337560310727
0.5111111111111111,0.5108017445600126
0.5777777777777777,0.5768538421252742
0.6266666666666667,0.6254629547038348
0.44,0.4412792262301082
0.4666666666666667,0.46823143608344253
0.5866666666666667,0.5873915956326528
0.5733333333333334,0.5731886376743205
0.5822222222222222,0.582095617603045
0.5333333333333333,0.5335432478896109
0.5644444444444444,0.5644109023269266
0.5466666666666666,0.5474316223699134
0.5911111111111111,0.5895884807250695
0.4044444444444444,0.40699233501800336
0.4467005076142132,0.4450106861186214
0.3555555555555555,0.3576455214060843
0.5025380710659898,0.5024915412068367
0.4044444444444444,0.4026303193240892
0.52,0.5200413648562972
0.7288888888888889,0.7267287102295086
0.4888888888888889,0.49007607778185047
0.2933333333333333,0.296667763745063
0.3288888888888889,0.33161299403582234
0.5244444444444445,0.523837254891987
0.4111675126903553,0.41168898514297325
0.5466666666666666,0.5470879173954017
0.32,0.3227851389092393
0.3333333333333333,0.33472946760593913
0.4044444444444444,0.4049647836072836
0.583756345177665,0.5791322218137793
0.3644444444444444,0.36724735774623696
0.233502538071066,0.23614942595304456
0.5511111111111111,0.5510257022106089
0.4,0.40241263300413266
0.4444444444444444,0.4441612185037229
0.4533333333333333,0.4549794292834122
0.6266666666666667,0.6266405417554779
0.3555555555555555,0.3550831518077757
0.4711111111111111,0.4710737046698341
0.4365482233502538,0.43914609809871763
0.52,0.5198396930209128
0.3777777777777777,0.37948685296578333
0.4488888888888889,0.44931775995064527
0.5688888888888889,0.569040819973452
0.2741116751269035,0.2755510283022886
0.3555555555555555,0.3580182107980363
0.3857868020304568,0.39017143652017694
0.5333333333333333,0.5320511342142709
0.4467005076142132,0.44968337594764307
0.5466666666666666,0.5455294678395148
0.5511111111111111,0.5509537633188302
0.5111111111111111,0.5108745527249994
0.5866666666666667,0.5854090429056669
0.3604060913705584,0.36164068734797183
0.5111111111111111,0.5115600193093996
0.5555555555555556,0.5558998772758059
0.5111111111111111,0.511522853965289
0.4222222222222222,0.4200288770516636
0.5511111111111111,0.5490646282123635
0.4622222222222222,0.4622113651712425
0.416243654822335,0.4180115040653618
0.5377777777777778,0.537265034581651
0.3045685279187817,0.3028506718110293
0.5733333333333334,0.573383362221648
0.416243654822335,0.41441292394301854
0.6548223350253807,0.6557164395344444
0.4355555555555555,0.43643492736737244
0.48,0.4810502281616209
0.6044444444444445,0.6087589140079217
0.4977777777777777,0.49850135686574504
0.248730964467005,0.25330524588935077
0.5955555555555555,0.594621060488862
0.3777777777777777,0.37908208271255717
0.5555555555555556,0.5558201283565722
0.24,0.24218948127236217
0.4711111111111111,0.4716121620294871
0.5911111111111111,0.5888222618377768
0.5279187817258884,0.5257151814148529
0.5288888888888889,0.5295580273523228
0.5888324873096447,0.5869283814972732
0.4666666666666667,0.4658865993405925
0.6177777777777778,0.6160639322042698
0.4933333333333333,0.4922091566841118
0.2030456852791878,0.20530232186138164
0.5688888888888889,0.5686719563527731
0.4488888888888889,0.4481656556017697
0.3451776649746192,0.3478246080194367
0.1878172588832487,0.19072160430368967
0.4888888888888889,0.4885763701313408
0.5288888888888889,0.5279258641967317
0.3705583756345177,0.37166678345238324
0.3822222222222222,0.38495586039789487
0.3022222222222222,0.3037034540611785
0.5911111111111111,0.5883682263665833
0.4488888888888889,0.4464582955260994
0.52,0.5212267199822236
0.5688888888888889,0.5688804802193772
0.5333333333333333,0.5312792835466098
0.4923857868020304,0.4912556134222541
0.5688888888888889,0.5690362495952286
0.52,0.5218015897116857
0.4266666666666667,0.4277449716028059
0.4213197969543147,0.4225226947601186
0.4755555555555555,0.4746742637071293
0.5111111111111111,0.5124233855603961
0.4977777777777777,0.49507246501161717
0.5644444444444444,0.5640856996469665
0.3022222222222222,0.3030312075279653
0.4755555555555555,0.47599481910583563
0.4488888888888889,0.4510554414446233
0.5228426395939086,0.5201859723019879
0.4720812182741117,0.4724590344558237
0.3866666666666666,0.3893060999835143
0.5422222222222223,0.5400914962083334
0.5644444444444444,0.5629912627773592
0.3777777777777777,0.3817553823610069
0.5025380710659898,0.5033286245306954
0.5111111111111111,0.5114017150626751
0.6533333333333333,0.6541767177986912
0.4517766497461929,0.45547679357696325
0.3644444444444444,0.36518013713066466
0.4888888888888889,0.48993248053011484
0.8365482233502538,0.8335830244468525
0.5126903553299492,0.5134584914485458
0.6888888888888889,0.6852450233709533
0.5866666666666667,0.5865865408704849
0.4263959390862944,0.42667344684014097
0.3807106598984771,0.37869851844152436
0.5155555555555555,0.5162592385167954
0.5583756345177665,0.5532305437664036
0.5685279187817259,0.5704312851012219
0.3705583756345177,0.3700242252962198
0.5066666666666667,0.5070396092778537
0.5126903553299492,0.5124888689024374
0.4111675126903553,0.407002282445319
0.5025380710659898,0.5069820689386688
0.5333333333333333,0.5312300734949531
0.6,0.5984383246977814
0.5466666666666666,0.5468597224971745
0.5644444444444444,0.5642996082169702
0.5911111111111111,0.5905931260203943
0.4755555555555555,0.47622407565359026
0.4517766497461929,0.4512776842166204
0.52,0.519215723456
0.4311111111111111,0.4298159936442971
0.5228426395939086,0.5222830164711922
0.299492385786802,0.3014359560038429
0.5333333333333333,0.5323658390698256
0.467005076142132,0.4680359333578963
0.5244444444444445,0.5246875041921157
0.4755555555555555,0.475364884143346
0.5777777777777777,0.5778968559607165
0.5466666666666666,0.5466153654269874
0.5022222222222222,0.5018386854353594
0.4488888888888889,0.451422563943197
0.365482233502538,0.3658680028602248
0.4222222222222222,0.42127405837527476
0.4263959390862944,0.4249816957017174
0.5111111111111111,0.5099320472363615
0.4933333333333333,0.49330592089972924
0.3756345177664975,0.3742639269621577
0.5022222222222222,0.5013223650312284
0.3604060913705584,0.3598494280449813
0.3777777777777777,0.37645227133180015
0.5422222222222223,0.5450726580747869
0.2233502538071066,0.2241015860636253
0.3955555555555555,0.39682599517982453
0.5022222222222222,0.5028964375815121
0.5329949238578681,0.532038057455793
0.5422222222222223,0.5424997167283436
0.4844444444444444,0.48608268903626595
0.5736040609137056,0.5769707188155735
0.4933333333333333,0.49381251804879867
0.56,0.5598843842744827
0.4873096446700508,0.48956672771601006
0.4622222222222222,0.4613134662504308
0.5333333333333333,0.5325500280014239
0.5955555555555555,0.5956758263200754
0.5955555555555555,0.5933025054255268
0.56,0.5600168443634175
0.6177777777777778,0.6183178079809295
0.4622222222222222,0.46452367934398353
0.5025380710659898,0.5018834907386918
0.5244444444444445,0.5239984180079773
0.5244444444444445,0.5288827307667816
0.5022222222222222,0.5019738572009373
0.5466666666666666,0.5473169407923706
0.4213197969543147,0.42353090639517177
0.56,0.559448647647514
0.6711111111111111,0.6694942967296811
0.5555555555555556,0.554841806544573
0.4619289340101523,0.46105011021427345
0.44,0.44021159324620385
0.3401015228426396,0.3414501910447143
0.4263959390862944,0.4250204022100661
0.467005076142132,0.465633583968156
0.5733333333333334,0.574326829155325
0.4311111111111111,0.43104873012634926
0.5685279187817259,0.5654659120191354
0.6222222222222222,0.6200051269552205
0.2533333333333333,0.2543718892557081
0.4467005076142132,0.4423012062907219
0.5431472081218274,0.5400838187488262
0.5822222222222222,0.5828558326902566
0.2690355329949238,0.2678256961371517
0.5511111111111111,0.5520648893871112
0.5777777777777777,0.5759859258832876
0.3022222222222222,0.30333403797703795
0.4977777777777777,0.5014610404905397
0.4666666666666667,0.46670243809057865
0.4133333333333333,0.41578493126144167
0.482233502538071,0.48246860812650993
0.5111111111111111,0.5106992980145151
0.4844444444444444,0.48452555724361446
0.5333333333333333,0.5357076828368008
0.5288888888888889,0.5278061934368452
0.5022222222222222,0.5016952242294792
0.4488888888888889,0.4483172101608943
0.467005076142132,0.46652564097894356
0.4213197969543147,0.4219664398697205
0.5111111111111111,0.5124243774771458
0.4444444444444444,0.44684407603926957
0.4755555555555555,0.47518333872721996
0.2933333333333333,0.2947531264217105
0.4622222222222222,0.4614152611029567
0.4771573604060913,0.4749381011497462
0.3422222222222222,0.34538024198263884
0.4488888888888889,0.44880942862073425
0.4720812182741117,0.47049661926575936
0.4844444444444444,0.4852249978284817
0.4266666666666667,0.42771297474973835
0.5244444444444445,0.5233478413138073
0.5989847715736041,0.5922658989438787
0.6222222222222222,0.6198361514689168
0.5279187817258884,0.5290326277172426
0.5644444444444444,0.5639675237325719
0.5025380710659898,0.5013569789734902
0.5431472081218274,0.5431590272055473
0.5466666666666666,0.5482594471250195
0.52,0.5188588943856303
0.5431472081218274,0.543391715924372
0.4619289340101523,0.46055922549567185
0.5288888888888889,0.5286620609549573
0.6222222222222222,0.621275364595931
0.5466666666666666,0.5466649756126571
0.4888888888888889,0.4895920585549902
0.6088888888888889,0.6083166724129114
0.4355555555555555,0.4364719832665287
0.4517766497461929,0.4507779979176121
0.3857868020304568,0.3872577326692408
0.5228426395939086,0.5215501575003145
0.5076142131979695,0.5078910890006227
0.5377777777777778,0.5383890174998669
0.6133333333333333,0.6128378172434168
0.5532994923857868,0.5511221076740185
0.4568527918781725,0.45687231623742264
0.5329949238578681,0.5510491346940398
0.4711111111111111,0.47256916148762684
0.4923857868020304,0.49257690767990425
0.5644444444444444,0.5635813393018907
0.5377777777777778,0.5370894059014972
0.5555555555555556,0.556975644241902
0.5466666666666666,0.5452003446262097
0.4355555555555555,0.4369583707739366
0.649746192893401,0.6482729498820845
0.4974619289340101,0.4968991662899498
0.5644444444444444,0.5636306986707496
0.56,0.558751770251547
0.5955555555555555,0.5929717429826269
0.4533333333333333,0.4549740338261472
0.5422222222222223,0.5425512939109467
0.3553299492385787,0.359009224222973
0.3688888888888889,0.3716385535954032
0.6711111111111111,0.6676351038331632
0.4488888888888889,0.44690742857346777
0.4844444444444444,0.4842876936454559
0.4619289340101523,0.46285802155034617
0.4177777777777778,0.42123438497947063
0.482233502538071,0.48338903866533656
0.5288888888888889,0.5273280686233193
0.5466666666666666,0.5455359737825347
0.3777777777777777,0.37938193081936333
0.3350253807106599,0.33807402981619816
0.4365482233502538,0.4333059445780236
0.5777777777777777,0.5754262359114364
0.5288888888888889,0.5278716217289912
0.5511111111111111,0.5512272265332285
0.4977777777777777,0.499599707822199
0.4933333333333333,0.4947965469909832
0.416243654822335,0.41642361428239383
0.6,0.599603527400177
0.5022222222222222,0.500746139587136
0.6711111111111111,0.6715293469023891
0.5155555555555555,0.5158221136953216
0.4619289340101523,0.461885507684201
0.4314720812182741,0.43252555186336394
0.4755555555555555,0.47637101070722565
0.4444444444444444,0.4441020117083099
0.5422222222222223,0.5423009391233791
0.6266666666666667,0.6265277922211681
0.4044444444444444,0.40470717480638996
0.6088888888888889,0.6080452273745323
0.5422222222222223,0.5443861107196426
0.3401015228426396,0.34045102627715096
0.5377777777777778,0.5370898184191901
0.5333333333333333,0.5334745074651437
0.5066666666666667,0.5060314474831102
0.4517766497461929,0.45244465087307617
0.4771573604060913,0.4762347105424851
0.56,0.5574925643450115
0.4568527918781725,0.4563436753669521
0.4088888888888889,0.40897194200078957
0.4888888888888889,0.4908256127964705
0.5466666666666666,0.546343279973371
0.5777777777777777,0.5767867161193863
0.5911111111111111,0.589440470765112
0.56,0.5595798832946457
0.5155555555555555,0.5146018270315835
0.1675126903553299,0.1695192541810684
0.467005076142132,0.4674586894834647
0.5111111111111111,0.511563756459509
0.5511111111111111,0.5494033186405431
0.32,0.3237424577237107
0.5155555555555555,0.5158014522894518
0.4974619289340101,0.4966380572441267
0.52,0.5206472057761857
0.5688888888888889,0.5674255991616519
0.6177777777777778,0.6158818440890172
0.3111111111111111,0.31347308863769285
0.5066666666666667,0.5068015186843695
0.5022222222222222,0.502853385580238
0.5025380710659898,0.5032456390181324
0.6266666666666667,0.6267379657510901
0.5244444444444445,0.5244920176628511
0.6044444444444445,0.6024343458120711
0.5177664974619289,0.5155233946861699
0.4622222222222222,0.4627920775965322
0.5155555555555555,0.5152837201021612
0.4517766497461929,0.4541405254858546
0.3288888888888889,0.3304321909236023
0.52,0.518632534876815
0.5822222222222222,0.5809097162709804
0.4666666666666667,0.4680874907207908
0.4873096446700508,0.48846103355754167
0.52,0.5197631714108866
0.5066666666666667,0.5047376096335938
0.5377777777777778,0.5385602683090838
0.3908629441624365,0.39239699888275936
0.4355555555555555,0.43552501358499285
0.2690355329949238,0.2675258088420378
0.5288888888888889,0.5291430456272792
0.2791878172588832,0.28268758406920824
0.4711111111111111,0.47169507725629956
0.5126903553299492,0.5084959802916273
0.5822222222222222,0.5817333200975554
0.6311111111111111,0.6297291177033912
0.4,0.40101672877790406
0.5644444444444444,0.5636902116530109
0.5866666666666667,0.5864065285422839
0.6888888888888889,0.6866070157993818
0.4933333333333333,0.49446308315964416
0.44,0.43988098338013515
0.3756345177664975,0.3757051784195937
0.6,0.5979702213517157
0.5022222222222222,0.5026622672885424
0.5583756345177665,0.5577657204848947
0.482233502538071,0.48095604038098827
0.5733333333333334,0.5716839243978029
0.4365482233502538,0.4366731939953752
0.4088888888888889,0.41170924382458907
0.5555555555555556,0.5545573965209769
0.5685279187817259,0.5694383486406878
0.4933333333333333,0.49383068340830505
0.5688888888888889,0.5669601570698433
0.5911111111111111,0.5899930221639806
0.5288888888888889,0.5301971032895381
0.4467005076142132,0.4460744392563356
0.4771573604060913,0.4777932889555814
0.4844444444444444,0.4836063865222968
0.4533333333333333,0.4567136513069272
0.5022222222222222,0.5023727911320748
0.5022222222222222,0.501845857972512
0.5076142131979695,0.5106334417650942
0.3288888888888889,0.32842788819107227
0.4771573604060913,0.4753802782652201
0.6711111111111111,0.6688453043898335
0.5066666666666667,0.5063532541971654
0.5177664974619289,0.5191934004396899
0.416243654822335,0.4154838730755728
0.5866666666666667,0.5847139612742467
0.4517766497461929,0.45220286966650747
0.5022222222222222,0.5032460574439028
0.1979695431472081,0.20052978199964855
0.5066666666666667,0.507181192340795
0.5244444444444445,0.5256835326435976
0.4619289340101523,0.4615134538325947
0.4622222222222222,0.4650005850417074
0.5688888888888889,0.5670288380788406
0.6294416243654822,0.6262792017805623
0.4533333333333333,0.45444247299747076
0.5288888888888889,0.5273416948621161
0.5076142131979695,0.5073738634091569
0.4517766497461929,0.4514746455970453
0.5733333333333334,0.5730679364205571
0.4263959390862944,0.42604096862487495
0.52,0.5200627110316418
0.5288888888888889,0.532246614980977
0.5955555555555555,0.5949317592021544
0.4622222222222222,0.4620922981266631
0.3422222222222222,0.3441584048559889
0.3866666666666666,0.3854579679464223
0.5111111111111111,0.5102015891025076
0.5688888888888889,0.5716573385871015
0.4873096446700508,0.4865391085477313
0.3096446700507614,0.3116118793259375
0.3756345177664975,0.37250050219881814
0.3045685279187817,0.3060706495307386
0.5377777777777778,0.5363003608072177
0.52,0.520796516619157
0.4619289340101523,0.45744918794662226
0.4923857868020304,0.48988218663726
0.416243654822335,0.4158099780906923
0.4711111111111111,0.47223954388755374
0.52,0.519979502671049
0.5377777777777778,0.5364521377778146
0.3955555555555555,0.3965064271178562
0.5422222222222223,0.5413079837016994
0.5377777777777778,0.5375195441447431
0.4666666666666667,0.4679936765751336
0.4060913705583756,0.4069537486502668
0.5022222222222222,0.5012436437100405
0.482233502538071,0.48335822217632085
0.5022222222222222,0.5005311589920893
0.5866666666666667,0.5853085592825664
0.32,0.3222967455367325
0.36,0.3600839187129168
0.4060913705583756,0.40585811404162087
0.3350253807106599,0.33502974986913614
0.6142131979695431,0.6132753348938422
0.5688888888888889,0.5687022569909459
0.6177777777777778,0.6161838303232798
0.4,0.40085894471849315
0.156751269035533,0.16034098208183423
0.6044444444444445,0.6033079332992202
0.4314720812182741,0.4304366697615478
0.5422222222222223,0.5418192516226554
0.482233502538071,0.4839512823964469
0.5333333333333333,0.5323084329720587
0.4711111111111111,0.47106774865824264
0.4977777777777777,0.4960434994281968
0.5911111111111111,0.5903787209826987
0.5288888888888889,0.5288968973909505
0.4266666666666667,0.426573702308815
0.5126903553299492,0.5115874166949652
0.3248730964467005,0.32273205532692373
0.5777777777777777,0.5783648353099125
0.5511111111111111,0.5511377460934455
0.5126903553299492,0.5112944456195692
0.5022222222222222,0.5011832120799227
0.5644444444444444,0.5636278130259598
0.5022222222222222,0.5007007128442638
0.5288888888888889,0.5294407809415134
0.5634517766497462,0.5618873989296844
0.5511111111111111,0.5521831945952727
0.4619289340101523,0.46251080062938854
0.3955555555555555,0.3978357282903744
0.52,0.5204144310118863
0.52,0.5192309108242625
0.5111111111111111,0.5102820249885553
0.4933333333333333,0.49430303781991825
0.3911111111111111,0.39062322392419446
0.5126903553299492,0.5119781867833808
0.5888324873096447,0.5904545181401772
0.5466666666666666,0.5456876748939976
0.4311111111111111,0.4313072301883949
0.3955555555555555,0.3976114511315245
0.56,0.5590261440229369
0.6844444444444444,0.6811314453661907
0.3511111111111111,0.3540216079854872
0.3111111111111111,0.3116348588373512
0.4088888888888889,0.40958651776600163
0.4533333333333333,0.4534204595547635
0.4517766497461929,0.451016278937459
0.3777777777777777,0.37862176811904646
0.4088888888888889,0.41076172031171154
0.3733333333333333,0.37330676849524025
0.5786802030456852,0.5792189592903014
0.5688888888888889,0.5641120491345646
0.4844444444444444,0.48455063652363606
0.4177777777777778,0.4202890873712022
0.5583756345177665,0.5558986158721382
0.4,0.40322525407827925
0.1928934010152284,0.1961163916857913
0.5329949238578681,0.5313779993157368
0.5555555555555556,0.5545976807916304
0.6088888888888889,0.6086093016347149
0.4444444444444444,0.4458437358116498
0.5076142131979695,0.5067819032119587
0.5733333333333334,0.5743793185101822
0.3908629441624365,0.3924994268018054
0.52,0.5208289385482203
0.5911111111111111,0.5899042437667958
0.4888888888888889,0.48990516740013845
0.52,0.5179143882851349
0.56,0.5588927350036101
0.4488888888888889,0.4502502792747691
0.5022222222222222,0.5024436652165605
0.5377777777777778,0.5383713931805687
0.68,0.6762269368773559
0.5288888888888889,0.5303989963140339
0.4977777777777777,0.49809108911722433
0.4755555555555555,0.4748216756270267
0.4711111111111111,0.47148079311591573
0.4619289340101523,0.4630961067887256
0.5431472081218274,0.5426068103988655
0.5644444444444444,0.5665409972862108
0.4755555555555555,0.47687813789525535
0.4720812182741117,0.4706841823790455
0.4933333333333333,0.49398937629302964
0.4933333333333333,0.4939349526539445
0.4720812182741117,0.47017584744025953
0.5644444444444444,0.566127187339589
0.5688888888888889,0.5681688673939789
0.4977777777777777,0.49848407854733523
0.4517766497461929,0.4510064288188005
0.5177664974619289,0.5156785779690836
0.5333333333333333,0.5334157609904651
0.5377777777777778,0.5376129194046371
0.5736040609137056,0.5724784521735273
0.6888888888888889,0.689662030650652
0.56,0.5582621064240811
0.2844444444444444,0.2865979284106288
0.6,0.5969633516360773
0.5066666666666667,0.5075304769852664
0.5244444444444445,0.5249190381873632
0.467005076142132,0.467162350891158
0.5555555555555556,0.5559612707729684
0.3705583756345177,0.36835662394878455
0.5688888888888889,0.5690578095964156
0.5786802030456852,0.5778301330865361
0.56,0.5604313076182734
0.4844444444444444,0.4847249218437355
0.3350253807106599,0.3381419715587981
0.3807106598984771,0.38236030330881476
0.5244444444444445,0.5265945284481859
0.649746192893401,0.6439182729081949
0.4933333333333333,0.49247163672407623
0.5155555555555555,0.5151730976067483
0.5022222222222222,0.5022735480742995
0.56,0.5612246961245546
0.5377777777777778,0.5378981780086178
0.5155555555555555,0.5162499551952351
0.6088888888888889,0.6082125901593827
0.5111111111111111,0.512314962077653
0.5155555555555555,0.5158066622971091
0.5733333333333334,0.5718136951181805
0.5377777777777778,0.5376619408925762
0.4622222222222222,0.4639017576992046
0.5955555555555555,0.5923285434109857
0.4533333333333333,0.4541252578346757
0.4622222222222222,0.4629211839637719
0.3908629441624365,0.39121929768589325
0.4577777777777778,0.4580062464810908
0.4533333333333333,0.4533002112439135
0.5733333333333334,0.57058721606154
0.5126903553299492,0.5143183620384661
0.482233502538071,0.4815346567920642
0.3350253807106599,0.33490840082231443
0.5555555555555556,0.553872834687354
0.5955555555555555,0.593667916051345
0.52,0.5202670477301581
0.4311111111111111,0.43208248903101776
0.5644444444444444,0.5654709174996242
0.5111111111111111,0.5111809663358144
0.5228426395939086,0.5202080277376808
0.4467005076142132,0.44576246349606663
0.3555555555555555,0.3567055333405733
0.5126903553299492,0.5115864104736829
0.6133333333333333,0.6113634147768607
0.4755555555555555,0.477513577658101
0.4755555555555555,0.4756503461539978
0.5777777777777777,0.5760757831449155
0.5111111111111111,0.510896284962655
0.56,0.5568584862630814
0.4416243654822335,0.4410373915598029
0.5822222222222222,0.582208790074219
0.4533333333333333,0.4548780618060846
0.5822222222222222,0.5806792670045979
0.3756345177664975,0.3779566832818091
0.2538071065989847,0.2523980397527339
0.5066666666666667,0.5075895112822764
0.4133333333333333,0.41451001561654266
0.3955555555555555,0.39564710229751654
0.4771573604060913,0.4785517565178452
0.4111675126903553,0.4119136244407855
0.4355555555555555,0.43643710561445914
0.4488888888888889,0.45021406092564575
0.3955555555555555,0.39874075702391565
0.416243654822335,0.41683961667877156
0.5688888888888889,0.5668813461670652
0.56,0.5593951928021852
